Student_ID,Age,Gender,Current_Semester,CGPA,Attendance_Percentage,Failed_Courses,Credits_Completed,Fee_Delay_Indicator,Family_Background_Score,Learning_Disability_Flag,LMS_Login_Count,Assignment_Submission_Rate,Dropout_Status
STU2024000,19,Male,5,8.25,72.9,0,87,0,2,0,62,81.1,0
STU2024001,19,Female,1,9.02,68.0,0,0,0,9,0,60,76.7,0
STU2024002,24,Male,8,4.91,66.6,1,158,0,1,0,31,69.5,1
STU2024003,24,Female,5,8.4,66.8,0,84,0,6,0,52,54.1,0
STU2024004,23,Female,5,6.6,70.6,0,81,0,9,0,37,90.3,0
STU2024005,19,Female,6,7.49,87.3,0,118,0,1,0,25,96.2,0
STU2024006,19,Male,2,8.61,77.6,0,32,0,6,0,47,58.4,0
STU2024007,22,Male,3,6.69,80.2,0,57,0,3,0,14,81.6,0
STU2024008,21,Female,1,6.48,84.2,0,7,0,6,0,70,83.2,1
STU2024009,23,Male,8,6.56,80.0,0,152,0,8,0,69,72.0,0
STU2024010,22,Female,7,8.72,95.3,0,131,0,3,0,48,68.8,1
STU2024011,18,Male,3,8.69,74.5,0,60,1,10,0,81,24.9,0
STU2024012,25,Female,1,7.63,70.5,0,3,0,9,0,51,59.3,0
STU2024013,23,Male,5,5.26,62.9,0,93,0,5,0,39,76.5,0
STU2024014,19,Female,4,7.65,89.5,0,64,0,3,0,35,50.5,0
STU2024015,18,Female,8,7.06,75.1,0,140,1,5,0,45,65.4,0
STU2024016,19,Male,8,7.26,81.1,0,142,0,9,0,87,75.5,0
STU2024017,25,Male,5,4.99,75.9,0,96,0,7,0,99,81.0,0
STU2024018,21,Female,7,8.01,74.9,0,140,0,9,0,65,47.2,0
STU2024019,19,Female,1,6.14,96.1,0,18,0,10,0,77,63.0,1
STU2024020,18,Male,2,10.0,88.1,0,21,0,2,0,50,86.0,0
STU2024021,25,Male,3,8.21,84.3,0,58,0,4,0,46,83.5,0
STU2024022,21,Male,2,6.96,83.3,0,33,0,7,0,70,94.6,0
STU2024023,19,Male,7,7.78,53.4,0,130,0,2,0,73,73.9,1
STU2024024,25,Male,7,6.48,78.5,0,125,0,4,0,55,63.3,1
STU2024025,19,Male,1,5.67,57.1,1,2,0,4,0,63,90.4,0
STU2024026,21,Female,1,8.73,100.0,0,5,0,7,0,45,51.1,0
STU2024027,25,Female,7,7.14,75.2,0,137,0,8,0,79,33.4,0
STU2024028,18,Male,6,5.89,82.2,0,101,1,9,0,45,80.9,0
STU2024029,18,Male,3,8.61,62.3,0,42,0,4,0,19,55.4,0
STU2024030,21,Male,2,7.76,80.8,0,33,0,10,0,32,59.3,0
STU2024031,21,Female,4,7.58,91.2,0,68,0,5,0,71,75.8,0
STU2024032,19,Male,8,8.27,100.0,0,159,0,2,0,61,79.2,0
STU2024033,22,Male,6,7.76,63.4,0,102,0,6,0,45,67.6,0
STU2024034,22,Male,5,8.53,50.8,0,83,0,3,0,32,81.5,0
STU2024035,20,Female,5,8.52,100.0,0,99,0,6,0,86,73.5,0
STU2024036,22,Female,5,9.07,65.6,0,81,1,5,1,41,44.2,0
STU2024037,20,Female,3,8.8,70.0,0,54,0,7,0,43,94.2,0
STU2024038,20,Male,6,8.07,99.8,0,118,0,7,0,23,71.7,0
STU2024039,18,Female,4,6.44,71.4,0,67,0,6,0,87,86.4,0
STU2024040,24,Male,4,4.51,55.5,2,65,0,3,0,78,49.5,1
STU2024041,23,Female,4,8.86,78.0,0,68,0,7,0,37,79.8,0
STU2024042,21,Male,8,9.88,56.4,1,151,0,4,0,46,84.5,0
STU2024043,24,Female,5,7.81,66.2,0,82,0,5,0,66,85.6,0
STU2024044,23,Male,2,8.72,84.4,0,28,1,1,0,33,93.2,0
STU2024045,23,Female,2,5.67,83.2,0,32,0,4,0,45,54.4,0
STU2024046,18,Male,6,9.46,75.3,0,113,1,10,0,63,75.0,0
STU2024047,22,Female,7,6.58,76.5,0,130,0,5,0,61,33.8,0
STU2024048,24,Male,5,9.24,86.9,0,92,0,1,0,62,87.0,0
STU2024049,23,Female,8,7.49,89.6,0,154,0,9,0,47,70.7,0
STU2024050,20,Male,5,6.27,78.7,0,96,0,10,0,54,59.4,0
STU2024051,21,Female,4,8.81,53.3,4,66,0,4,0,21,24.5,0
STU2024052,19,Female,7,7.05,74.9,0,140,0,7,0,36,68.3,0
STU2024053,18,Male,7,6.26,82.4,0,127,1,1,0,51,73.3,0
STU2024054,19,Female,3,7.6,89.8,0,54,0,9,0,59,52.5,0
STU2024055,25,Female,8,8.94,93.0,0,145,0,8,0,86,57.5,0
STU2024056,22,Female,4,7.26,54.7,0,68,0,5,0,34,95.9,0
STU2024057,19,Male,3,8.04,61.5,0,47,0,3,0,59,30.7,1
STU2024058,24,Female,8,9.27,68.0,0,153,1,7,0,15,80.1,0
STU2024059,18,Female,8,7.92,51.1,0,140,0,5,0,38,71.5,0
STU2024060,24,Male,8,9.77,79.7,0,147,0,8,1,43,52.2,0
STU2024061,24,Male,8,8.27,90.9,0,144,0,9,1,80,70.4,0
STU2024062,18,Male,7,7.67,98.3,0,124,0,3,0,53,84.8,0
STU2024063,21,Female,6,8.96,97.3,0,110,0,7,0,67,75.0,0
STU2024064,24,Female,2,4.9,96.7,2,35,0,6,0,80,59.5,1
STU2024065,18,Male,4,8.0,49.4,2,66,0,10,0,48,94.8,1
STU2024066,19,Male,8,5.85,82.3,0,148,0,3,0,64,85.5,0
STU2024067,19,Male,5,8.26,62.8,0,83,0,5,0,38,60.6,0
STU2024068,24,Female,4,7.35,75.6,0,62,0,4,0,60,83.6,0
STU2024069,19,Male,6,7.17,64.0,0,117,0,6,0,61,87.1,0
STU2024070,18,Female,8,6.56,42.1,1,143,0,6,0,67,22.8,0
STU2024071,20,Female,3,9.18,97.9,0,56,0,5,0,0,80.6,0
STU2024072,25,Female,7,5.91,65.2,0,138,0,4,0,34,44.5,1
STU2024073,25,Male,8,8.82,61.9,0,158,0,7,0,49,78.0,0
STU2024074,23,Male,8,6.92,65.0,0,146,0,5,0,77,84.5,0
STU2024075,22,Male,4,8.34,68.1,0,62,0,7,0,37,76.6,0
STU2024076,25,Female,8,3.75,85.3,1,140,0,7,0,57,81.4,1
STU2024077,23,Female,6,8.63,82.9,0,113,0,9,0,54,69.1,0
STU2024078,22,Female,5,6.65,60.0,0,87,0,6,0,55,30.7,0
STU2024079,20,Male,4,6.14,57.9,1,75,0,10,0,55,78.5,0
STU2024080,22,Male,4,6.6,86.4,0,69,0,3,0,72,98.8,0
STU2024081,20,Female,1,6.3,77.5,0,1,0,3,0,51,55.5,0
STU2024082,19,Male,5,6.61,83.8,0,95,0,6,0,43,66.0,1
STU2024083,25,Male,2,10.0,70.9,0,32,0,10,0,68,51.1,1
STU2024084,20,Female,2,9.08,62.3,0,27,1,10,0,18,61.2,0
STU2024085,24,Female,8,4.18,61.7,2,149,0,7,0,55,82.1,0
STU2024086,19,Male,4,7.77,78.7,0,68,0,3,0,40,40.6,0
STU2024087,20,Male,7,8.1,90.6,0,134,0,8,0,39,85.5,0
STU2024088,22,Female,2,8.64,61.2,0,27,0,10,0,67,96.2,0
STU2024089,24,Male,4,7.92,48.3,2,80,1,3,0,79,39.0,1
STU2024090,22,Female,8,10.0,83.9,0,143,0,5,0,54,51.0,0
STU2024091,25,Female,2,9.52,77.8,0,39,1,6,0,52,60.7,1
STU2024092,21,Male,5,10.0,82.9,0,98,0,8,0,38,86.7,0
STU2024093,22,Male,7,5.02,71.6,0,140,0,2,0,62,90.7,0
STU2024094,23,Male,3,5.81,72.8,0,50,0,8,0,49,63.0,0
STU2024095,18,Female,2,8.54,59.7,1,30,0,2,0,60,68.2,0
STU2024096,18,Female,7,6.48,77.2,0,121,1,10,0,34,85.9,0
STU2024097,18,Male,5,6.68,100.0,0,97,1,8,0,27,99.4,0
STU2024098,18,Male,3,5.73,78.1,0,49,0,9,0,55,90.6,0
STU2024099,19,Female,2,6.33,69.6,0,40,0,8,0,48,87.1,0
STU2024100,22,Female,8,6.44,64.1,0,155,0,9,0,51,89.1,0
STU2024101,20,Male,5,8.57,87.2,0,93,0,9,0,31,72.0,1
STU2024102,22,Female,3,6.51,60.9,0,54,0,6,0,16,89.9,0
STU2024103,24,Female,6,9.07,94.7,0,106,0,4,0,14,93.8,0
STU2024104,24,Male,6,4.87,66.8,2,115,0,7,0,49,85.5,0
STU2024105,20,Female,1,9.52,79.6,0,4,0,10,0,15,45.1,1
STU2024106,25,Male,8,7.53,80.2,0,140,0,7,0,39,90.8,0
STU2024107,19,Female,5,8.33,90.4,0,90,0,7,0,59,61.5,0
STU2024108,24,Female,8,4.74,55.8,1,157,0,4,0,60,88.7,0
STU2024109,21,Male,7,8.37,61.2,0,123,0,2,0,22,45.5,0
STU2024110,18,Male,6,8.24,77.8,0,101,0,6,0,32,71.1,0
STU2024111,24,Male,3,5.22,100.0,0,45,1,10,0,48,89.3,0
STU2024112,20,Male,8,7.45,100.0,0,160,0,5,0,37,80.3,0
STU2024113,25,Female,3,8.3,84.3,0,42,0,6,0,18,70.5,0
STU2024114,24,Female,8,7.39,84.3,0,149,1,8,0,53,44.1,0
STU2024115,23,Female,5,8.43,87.5,0,80,0,7,0,59,66.4,0
STU2024116,18,Female,5,7.81,87.3,0,87,0,6,0,52,80.2,0
STU2024117,22,Male,2,9.19,73.8,0,40,0,5,0,40,79.3,1
STU2024118,23,Male,2,6.81,59.4,1,29,0,7,0,75,96.4,1
STU2024119,23,Female,3,8.8,79.2,0,48,0,8,0,23,77.3,0
STU2024120,23,Male,8,9.1,93.3,0,142,0,7,0,36,92.4,0
STU2024121,23,Male,7,4.86,68.7,0,120,0,2,0,44,81.4,0
STU2024122,22,Female,6,4.6,56.9,1,103,0,8,1,46,65.9,0
STU2024123,23,Male,2,8.51,92.5,0,40,0,5,0,82,53.5,0
STU2024124,18,Male,5,8.33,65.7,0,95,0,9,0,40,50.3,0
STU2024125,24,Male,7,6.64,80.2,0,140,1,10,0,42,78.3,0
STU2024126,18,Female,4,6.24,77.5,0,74,0,4,0,42,74.5,1
STU2024127,23,Female,1,8.0,62.2,0,12,0,2,0,52,78.0,0
STU2024128,19,Male,1,6.24,74.9,0,1,0,4,0,63,62.4,0
STU2024129,21,Male,4,9.28,93.1,0,78,0,4,0,56,93.2,0
STU2024130,18,Female,3,7.86,79.6,0,44,0,3,0,68,65.5,0
STU2024131,20,Male,6,8.26,90.1,0,107,0,1,0,80,59.0,1
STU2024132,24,Male,2,6.94,62.5,0,35,0,6,0,36,77.4,0
STU2024133,21,Male,5,9.42,87.3,0,94,0,1,0,20,72.6,0
STU2024134,24,Female,2,9.74,78.2,0,35,0,8,0,55,71.4,1
STU2024135,20,Male,3,7.92,77.6,0,48,0,10,0,58,78.1,0
STU2024136,22,Female,7,4.79,89.5,1,123,0,2,0,57,44.0,0
STU2024137,21,Female,8,7.4,49.5,2,147,0,8,0,41,83.8,0
STU2024138,23,Female,6,7.87,66.5,0,108,0,3,0,24,83.0,0
STU2024139,19,Male,2,5.78,100.0,0,33,1,3,0,28,69.3,0
STU2024140,23,Male,7,7.14,80.3,0,131,0,7,0,24,78.0,0
STU2024141,22,Female,6,7.46,80.1,0,103,0,4,0,59,72.2,0
STU2024142,19,Female,6,7.79,85.6,0,103,0,10,0,48,79.5,0
STU2024143,18,Female,1,6.36,74.4,0,5,0,5,0,21,84.1,0
STU2024144,20,Male,7,6.83,46.7,0,122,0,2,0,46,90.6,1
STU2024145,24,Female,6,8.64,80.6,0,105,0,6,0,59,81.7,0
STU2024146,19,Male,3,10.0,74.7,0,45,0,1,0,60,83.2,0
STU2024147,24,Female,8,4.44,71.0,0,153,0,9,0,48,68.0,0
STU2024148,22,Female,5,6.64,83.6,0,81,0,10,0,77,56.9,0
STU2024149,21,Male,5,8.04,88.4,0,89,0,1,0,62,87.3,0
STU2024150,20,Female,4,9.48,78.0,0,76,0,6,0,91,73.0,0
STU2024151,18,Female,1,7.81,65.2,0,14,0,6,0,40,63.8,0
STU2024152,24,Female,2,8.28,66.4,0,32,1,3,0,49,79.5,0
STU2024153,23,Male,7,5.81,83.5,0,123,0,10,0,39,79.1,1
STU2024154,22,Female,4,5.0,89.0,0,70,0,2,0,67,69.1,1
STU2024155,21,Female,6,5.16,100.0,0,120,0,4,0,47,86.9,0
STU2024156,20,Male,2,8.83,87.0,0,25,0,8,0,53,92.0,0
STU2024157,25,Female,6,8.1,64.7,0,104,0,8,0,56,62.2,0
STU2024158,22,Male,6,6.94,41.5,1,116,1,8,1,54,78.0,1
STU2024159,22,Male,2,9.16,64.4,0,39,0,7,0,18,69.9,0
STU2024160,18,Female,4,5.58,71.1,0,70,0,9,0,74,93.4,1
STU2024161,19,Female,2,8.77,93.3,0,36,0,1,0,74,57.0,0
STU2024162,25,Male,6,7.86,70.1,0,111,0,7,0,38,83.7,0
STU2024163,18,Female,2,7.3,59.5,1,30,1,5,0,38,59.8,0
STU2024164,20,Female,2,8.02,43.5,1,38,0,6,0,108,52.5,0
STU2024165,24,Male,2,7.91,65.2,0,29,0,6,0,71,58.5,0
STU2024166,19,Female,6,8.24,74.5,0,100,0,3,0,90,77.1,0
STU2024167,25,Male,4,7.8,81.7,0,64,1,2,0,28,56.7,0
STU2024168,18,Female,3,5.78,90.1,0,59,0,3,0,44,55.9,0
STU2024169,20,Female,1,4.97,61.0,3,13,0,4,0,75,73.9,0
STU2024170,25,Male,4,7.52,55.8,1,69,0,8,0,17,61.1,1
STU2024171,25,Female,5,7.75,64.5,0,92,0,7,0,71,72.9,0
STU2024172,20,Female,1,7.01,68.2,0,20,0,6,0,49,87.6,0
STU2024173,19,Female,2,10.0,85.9,0,25,0,9,0,63,67.9,0
STU2024174,21,Female,6,7.92,72.2,0,100,0,7,0,61,86.5,0
STU2024175,19,Female,4,8.96,65.7,0,60,0,2,0,11,89.0,0
STU2024176,20,Male,1,8.91,73.0,0,9,0,8,0,46,53.6,0
STU2024177,25,Female,1,7.74,60.9,0,2,0,3,0,77,71.1,0
STU2024178,24,Male,5,6.86,93.1,0,87,0,1,0,57,64.6,0
STU2024179,25,Male,2,9.22,70.5,0,35,0,1,0,44,87.8,0
STU2024180,20,Female,7,8.84,100.0,0,120,0,4,0,33,86.0,0
STU2024181,19,Female,2,8.29,64.0,0,36,0,9,0,42,76.8,0
STU2024182,25,Male,7,7.28,51.9,1,131,0,1,0,55,76.4,1
STU2024183,21,Male,6,5.35,46.3,3,104,1,3,0,56,74.7,0
STU2024184,25,Male,3,7.19,58.5,0,42,0,8,1,35,84.7,1
STU2024185,21,Male,6,7.85,51.7,2,109,0,9,0,26,33.6,1
STU2024186,21,Female,6,8.13,76.4,0,101,0,6,0,36,52.0,0
STU2024187,24,Female,8,9.88,70.4,0,152,0,3,0,76,66.0,0
STU2024188,22,Male,7,9.32,77.1,0,122,0,3,0,96,83.8,0
STU2024189,19,Female,5,8.04,85.6,0,89,0,7,0,69,87.0,0
STU2024190,25,Male,6,4.75,82.6,1,119,0,5,0,57,86.0,0
STU2024191,18,Male,7,7.5,76.2,0,131,0,3,0,48,84.0,0
STU2024192,25,Male,3,6.5,89.9,0,42,0,6,0,46,83.1,0
STU2024193,18,Male,8,9.47,91.3,0,151,0,2,0,59,60.9,0
STU2024194,24,Female,5,7.52,55.3,1,87,0,1,0,37,63.9,0
STU2024195,24,Male,5,7.58,76.0,0,88,0,4,0,10,66.2,0
STU2024196,25,Male,2,9.8,93.3,0,24,0,8,0,45,89.3,0
STU2024197,19,Female,6,6.88,65.8,0,102,0,5,0,43,67.2,0
STU2024198,20,Female,4,8.16,92.9,0,63,0,3,0,68,76.7,0
STU2024199,23,Female,8,7.19,54.5,0,157,0,2,0,45,85.8,0
STU2024200,25,Female,7,7.46,72.4,0,138,1,2,0,42,81.4,0
STU2024201,23,Male,3,8.09,60.1,0,44,0,1,0,49,20.9,0
STU2024202,22,Male,3,5.71,74.4,0,50,0,4,0,73,87.1,0
STU2024203,22,Male,5,5.08,79.3,0,86,0,9,0,54,92.7,0
STU2024204,19,Male,3,7.37,88.8,0,45,0,10,0,78,66.3,0
STU2024205,18,Male,2,9.84,57.1,2,21,0,10,0,51,67.2,1
STU2024206,24,Male,8,5.48,60.4,0,160,0,5,0,74,74.7,0
STU2024207,24,Female,8,6.85,92.8,0,142,0,3,0,64,89.2,0
STU2024208,21,Female,3,7.02,71.2,0,50,0,6,0,76,85.4,0
STU2024209,24,Male,6,7.56,65.3,0,116,0,6,0,68,70.2,0
STU2024210,25,Male,3,8.31,91.1,0,43,1,10,0,42,75.3,0
STU2024211,20,Female,6,5.58,100.0,0,106,0,8,0,27,75.9,0
STU2024212,22,Female,1,8.79,66.3,0,2,0,9,0,46,58.4,0
STU2024213,23,Male,1,7.29,84.9,0,9,0,8,0,73,91.2,1
STU2024214,19,Female,3,8.1,65.2,0,48,0,7,0,39,71.7,0
STU2024215,21,Female,5,8.59,78.6,0,82,0,8,0,102,95.7,0
STU2024216,19,Male,2,9.43,85.1,0,32,0,6,0,47,45.5,0
STU2024217,20,Male,7,6.11,71.9,0,136,0,3,0,32,58.0,0
STU2024218,25,Male,3,5.71,81.7,0,50,0,6,0,73,89.5,0
STU2024219,22,Female,8,5.84,85.8,0,158,0,1,0,42,88.7,0
STU2024220,24,Female,1,5.37,48.6,1,19,0,10,0,19,80.6,0
STU2024221,25,Male,7,6.25,66.5,0,124,0,4,1,53,60.3,0
STU2024222,19,Male,1,9.04,83.9,0,14,0,3,0,65,50.1,0
STU2024223,25,Male,3,6.53,76.3,0,56,0,6,0,79,64.6,0
STU2024224,24,Female,3,7.38,73.2,0,54,0,6,0,80,76.2,0
STU2024225,22,Female,4,8.37,93.3,0,67,0,5,0,61,85.5,0
STU2024226,22,Female,4,10.0,98.1,0,75,0,6,0,40,71.1,0
STU2024227,22,Female,2,8.66,79.8,0,38,0,7,0,47,91.7,0
STU2024228,23,Male,5,8.27,67.0,0,81,0,2,0,26,29.3,0
STU2024229,22,Female,4,6.93,99.9,0,66,0,5,0,40,59.7,0
STU2024230,20,Male,4,8.65,93.4,0,67,0,4,0,47,66.2,0
STU2024231,25,Male,3,7.17,88.7,0,40,0,3,0,33,86.6,0
STU2024232,25,Female,4,3.86,88.3,0,69,0,1,0,54,93.2,1
STU2024233,21,Male,3,6.71,58.3,1,53,0,3,0,61,69.2,1
STU2024234,24,Female,3,6.86,66.9,0,49,0,1,0,62,84.9,0
STU2024235,23,Female,8,7.59,70.6,0,160,0,8,0,53,51.2,0
STU2024236,25,Female,4,5.6,74.1,0,63,0,8,0,41,80.1,0
STU2024237,18,Female,5,10.0,96.0,0,98,0,4,0,51,68.1,0
STU2024238,24,Female,6,6.44,67.3,0,102,0,2,0,73,60.1,1
STU2024239,23,Male,1,7.12,69.6,0,8,0,8,0,60,76.8,0
STU2024240,22,Male,5,7.41,64.0,0,100,0,4,0,51,76.7,0
STU2024241,22,Male,7,6.37,94.6,0,136,0,5,0,38,47.1,0
STU2024242,22,Female,4,9.28,83.1,0,67,0,8,0,65,64.2,0
STU2024243,23,Female,8,6.23,87.5,0,157,0,4,0,41,63.4,0
STU2024244,19,Female,6,6.68,67.3,0,102,0,2,0,55,52.0,0
STU2024245,21,Male,3,5.9,77.9,0,50,0,8,0,54,77.9,0
STU2024246,25,Male,8,9.22,96.5,0,141,0,9,0,26,52.7,0
STU2024247,25,Female,1,10.0,62.9,0,12,0,1,0,61,71.6,0
STU2024248,18,Female,6,7.04,45.7,2,102,0,1,0,75,65.1,1
STU2024249,25,Male,5,6.24,71.4,0,93,0,7,0,42,84.0,0
STU2024250,25,Female,7,9.33,97.8,0,122,0,9,0,69,68.9,0
STU2024251,19,Male,7,7.7,57.3,1,136,0,1,0,73,79.7,0
STU2024252,25,Female,7,8.81,54.8,1,127,0,6,0,29,49.8,1
STU2024253,19,Male,7,5.52,80.3,0,139,0,1,0,59,63.5,1
STU2024254,18,Female,1,8.51,100.0,0,7,0,7,0,47,60.7,0
STU2024255,18,Male,5,9.15,67.0,0,87,0,10,0,48,73.8,0
STU2024256,23,Male,5,8.27,71.1,0,84,0,9,0,64,66.4,0
STU2024257,18,Male,7,6.71,80.5,0,137,0,6,0,86,77.0,0
STU2024258,23,Female,7,8.7,50.8,0,124,0,3,0,71,48.6,0
STU2024259,21,Female,3,10.0,86.0,0,54,0,9,0,37,81.1,0
STU2024260,20,Female,4,6.4,75.5,0,68,0,2,0,56,70.1,0
STU2024261,19,Male,1,8.25,84.8,0,8,0,10,0,103,65.3,0
STU2024262,21,Male,8,8.83,78.5,0,146,0,6,0,92,35.6,0
STU2024263,21,Male,2,8.61,60.5,0,35,0,10,0,50,48.5,0
STU2024264,21,Female,5,8.42,65.7,0,92,0,6,0,53,87.2,0
STU2024265,25,Female,2,6.86,64.6,0,35,0,6,0,21,85.6,0
STU2024266,24,Male,4,6.5,70.4,0,64,1,5,0,34,57.0,0
STU2024267,24,Male,8,7.26,85.1,0,157,0,6,0,54,64.1,0
STU2024268,25,Female,3,4.26,100.0,1,51,1,3,0,48,89.7,0
STU2024269,18,Male,2,7.9,82.6,0,21,0,7,0,18,78.7,0
STU2024270,19,Male,1,6.58,71.0,0,6,0,6,0,32,60.7,0
STU2024271,25,Female,1,7.3,76.2,0,0,0,7,1,45,47.2,0
STU2024272,22,Female,1,9.24,73.5,0,16,0,7,0,50,76.2,0
STU2024273,19,Male,3,6.58,80.4,0,47,1,6,0,27,94.3,0
STU2024274,23,Female,8,6.53,66.8,0,158,0,4,0,51,88.4,0
STU2024275,19,Male,2,8.95,81.4,0,32,0,9,0,37,93.0,0
STU2024276,20,Male,8,5.86,95.9,0,153,0,6,0,44,72.4,0
STU2024277,19,Male,4,8.69,48.8,1,66,0,10,0,70,84.7,1
STU2024278,19,Female,1,5.68,70.4,0,5,0,6,1,65,65.9,0
STU2024279,20,Female,2,4.97,62.9,2,29,0,10,0,87,76.8,1
STU2024280,23,Female,3,7.48,73.5,0,42,0,6,0,58,68.3,0
STU2024281,19,Female,7,4.79,69.7,1,130,1,8,0,48,58.4,1
STU2024282,24,Female,3,8.05,51.9,0,58,0,2,0,20,57.7,1
STU2024283,21,Male,2,8.46,82.5,0,28,0,7,0,13,87.5,1
STU2024284,18,Female,8,6.2,45.3,1,151,0,2,0,64,93.6,1
STU2024285,25,Female,2,9.15,100.0,0,20,0,10,0,25,78.2,0
STU2024286,24,Male,5,6.65,78.8,0,93,0,2,0,59,80.5,0
STU2024287,21,Male,7,7.9,69.9,0,125,1,5,0,62,72.1,1
STU2024288,24,Female,7,5.74,91.9,0,129,0,2,0,48,31.5,0
STU2024289,25,Male,8,6.61,95.6,0,143,0,7,0,7,80.3,0
STU2024290,23,Female,6,6.99,83.3,0,113,0,10,0,51,74.2,0
STU2024291,21,Female,6,8.39,30.9,2,105,0,6,0,89,83.0,0
STU2024292,25,Male,6,8.11,92.2,0,112,0,7,0,39,76.3,0
STU2024293,21,Male,1,6.7,87.8,0,14,0,4,0,60,68.6,0
STU2024294,19,Female,8,8.63,83.8,0,144,0,4,0,58,62.1,0
STU2024295,24,Female,2,5.04,50.5,0,34,0,8,0,34,70.3,0
STU2024296,24,Male,6,8.41,75.0,0,117,0,2,0,33,66.1,0
STU2024297,23,Male,1,5.09,63.6,0,18,0,7,0,34,66.4,0
STU2024298,24,Male,1,8.55,71.0,0,3,0,9,0,9,92.2,0
STU2024299,21,Female,6,9.54,55.4,0,112,0,10,0,50,57.8,1
STU2024300,18,Female,2,9.36,58.4,3,29,0,2,0,65,59.6,0
STU2024301,20,Female,5,4.75,74.6,0,90,0,4,0,39,83.6,1
STU2024302,19,Female,8,7.52,70.1,0,150,0,2,1,53,89.6,0
STU2024303,19,Male,4,5.48,62.7,0,76,0,6,0,40,82.3,0
STU2024304,21,Female,3,8.92,80.9,0,45,0,7,0,47,83.7,0
STU2024305,21,Female,7,9.63,88.9,0,132,0,4,0,69,92.5,0
STU2024306,19,Male,3,9.09,84.2,0,51,0,8,0,74,79.2,0
STU2024307,25,Female,7,5.33,40.6,0,139,0,2,0,21,66.0,0
STU2024308,20,Female,2,9.68,69.1,0,24,0,4,0,59,39.0,0
STU2024309,20,Female,7,8.96,99.0,0,139,1,7,0,35,83.1,0
STU2024310,20,Male,8,9.19,98.2,0,149,1,8,0,34,77.5,0
STU2024311,18,Female,3,4.88,76.8,1,46,0,9,0,19,65.4,1
STU2024312,25,Female,8,6.01,86.7,0,155,0,4,0,1,72.8,0
STU2024313,22,Male,8,10.0,78.2,0,158,0,8,0,71,58.7,0
STU2024314,19,Female,6,7.53,71.4,0,117,0,1,0,53,89.0,0
STU2024315,21,Female,2,8.98,54.7,2,40,0,5,0,53,97.8,1
STU2024316,22,Female,2,6.1,73.5,0,34,0,2,0,17,46.9,1
STU2024317,23,Female,3,7.53,78.5,0,59,0,4,0,24,61.7,0
STU2024318,22,Male,6,6.01,58.3,2,109,0,5,0,54,46.0,0
STU2024319,19,Male,7,7.11,47.5,2,121,0,3,0,33,86.3,1
STU2024320,20,Female,4,8.38,100.0,0,72,0,10,0,50,77.4,0
STU2024321,24,Female,2,4.18,98.0,0,40,0,2,0,45,67.9,0
STU2024322,23,Female,8,8.38,75.7,0,150,0,2,0,56,92.0,0
STU2024323,23,Male,7,7.74,75.6,0,126,0,4,0,60,60.7,0
STU2024324,22,Female,3,7.53,73.7,0,58,0,6,0,25,49.1,0
STU2024325,18,Male,8,7.85,57.0,2,140,0,8,0,24,72.2,0
STU2024326,24,Male,3,8.57,68.4,0,60,0,5,0,48,88.8,0
STU2024327,19,Female,3,8.62,72.3,0,41,0,5,0,37,80.2,0
STU2024328,24,Male,2,7.73,47.0,1,20,0,2,0,70,33.6,1
STU2024329,25,Male,1,7.52,60.7,0,10,0,7,0,41,94.5,0
STU2024330,21,Female,2,10.0,99.3,0,23,1,5,0,52,86.3,0
STU2024331,20,Male,2,7.22,88.8,0,36,0,10,0,47,79.5,0
STU2024332,21,Male,7,5.51,88.3,0,139,0,4,0,41,34.0,0
STU2024333,19,Female,6,9.35,58.9,2,113,0,3,0,52,87.0,0
STU2024334,21,Female,1,7.38,85.4,0,9,0,10,0,0,83.1,0
STU2024335,22,Male,4,9.33,87.3,0,75,0,4,0,44,67.0,0
STU2024336,18,Female,6,6.03,68.1,0,104,0,10,0,27,96.8,0
STU2024337,20,Female,2,10.0,80.7,0,20,0,1,0,59,57.2,1
STU2024338,18,Female,5,5.25,89.6,0,100,0,7,0,66,86.9,0
STU2024339,20,Female,2,9.12,89.9,0,29,0,3,0,66,62.7,0
STU2024340,19,Female,7,8.13,67.0,0,127,0,7,0,60,81.7,0
STU2024341,18,Female,3,9.09,89.1,0,43,0,1,0,62,88.7,0
STU2024342,22,Male,6,6.92,64.3,0,104,0,5,0,78,66.1,0
STU2024343,18,Female,7,7.79,94.8,0,128,0,5,0,86,66.6,0
STU2024344,19,Female,8,6.71,60.1,0,156,0,8,0,44,79.7,0
STU2024345,20,Female,2,6.53,86.6,0,38,0,2,0,72,89.2,0
STU2024346,18,Male,4,7.72,60.0,0,61,0,7,0,27,95.5,0
STU2024347,18,Female,4,6.47,72.7,0,70,0,6,0,35,92.1,1
STU2024348,23,Male,1,9.35,83.1,0,5,0,9,0,46,69.7,0
STU2024349,19,Female,5,9.78,67.6,0,89,0,9,0,44,62.7,0
STU2024350,22,Female,4,7.43,55.1,1,74,0,8,0,51,89.8,0
STU2024351,21,Male,1,5.84,50.1,0,13,1,1,0,48,40.4,1
STU2024352,24,Female,2,5.57,64.2,0,26,0,4,0,53,72.8,0
STU2024353,20,Female,2,5.55,87.4,0,21,0,9,0,66,88.2,0
STU2024354,25,Male,2,8.89,90.3,0,36,1,2,0,55,73.5,1
STU2024355,20,Male,5,9.07,92.5,0,88,0,7,0,45,78.1,0
STU2024356,23,Female,5,5.06,91.9,0,87,0,3,0,43,90.0,0
STU2024357,20,Male,3,7.46,72.4,0,54,0,7,0,54,92.1,0
STU2024358,21,Female,5,6.84,100.0,0,94,0,2,0,77,46.8,0
STU2024359,22,Male,4,7.94,71.5,0,70,0,6,0,34,40.1,1
STU2024360,22,Female,3,7.05,66.3,0,40,0,8,0,54,71.2,0
STU2024361,19,Female,2,8.22,56.4,2,24,0,4,0,46,49.9,0
STU2024362,23,Male,5,10.0,87.2,0,82,0,4,0,44,73.9,0
STU2024363,20,Male,6,8.75,59.7,1,103,1,1,0,60,82.8,0
STU2024364,24,Female,1,8.79,64.6,0,12,0,3,0,50,80.0,0
STU2024365,22,Female,8,10.0,59.7,0,144,0,5,0,44,62.3,0
STU2024366,25,Male,2,5.94,83.6,0,28,0,7,0,69,80.0,0
STU2024367,21,Male,7,10.0,93.7,0,131,0,8,0,22,71.4,0
STU2024368,23,Female,5,9.01,73.1,0,85,0,1,0,56,77.8,0
STU2024369,18,Female,6,6.22,54.0,4,118,0,3,0,50,94.7,0
STU2024370,22,Male,4,8.33,61.2,0,78,0,7,0,41,69.1,0
STU2024371,20,Male,4,10.0,64.4,0,78,0,6,0,24,76.4,1
STU2024372,23,Male,4,5.43,66.5,0,75,0,3,0,70,72.6,1
STU2024373,21,Male,1,4.0,62.0,1,16,0,6,0,60,63.1,1
STU2024374,20,Female,3,6.11,78.8,0,50,0,10,0,32,77.3,0
STU2024375,19,Female,2,5.57,75.6,0,31,0,7,0,21,71.6,0
STU2024376,23,Male,3,10.0,58.3,2,53,0,8,0,74,75.6,1
STU2024377,23,Male,3,9.34,71.4,0,52,0,5,0,78,80.5,0
STU2024378,24,Male,3,7.22,64.5,0,59,0,10,0,44,87.5,0
STU2024379,25,Male,6,7.82,70.6,0,102,0,6,0,76,74.5,0
STU2024380,19,Female,8,7.22,65.7,0,140,0,4,0,85,60.6,0
STU2024381,19,Male,1,5.79,79.0,0,12,0,7,0,80,78.8,0
STU2024382,25,Female,6,5.78,75.9,0,117,0,8,0,71,88.4,0
STU2024383,21,Male,8,6.78,80.3,0,142,0,1,0,54,58.0,0
STU2024384,19,Male,6,10.0,91.6,0,105,0,3,0,48,75.9,0
STU2024385,19,Female,8,6.52,63.6,0,140,0,3,0,36,82.1,0
STU2024386,18,Male,6,7.83,67.8,0,106,0,7,0,73,80.0,0
STU2024387,22,Female,5,8.78,76.5,0,87,1,10,0,48,38.5,0
STU2024388,18,Female,1,5.98,85.5,0,13,1,4,0,19,71.2,1
STU2024389,22,Male,8,8.44,60.8,0,143,0,7,0,78,70.3,0
STU2024390,22,Male,7,7.0,82.4,0,125,0,7,0,39,64.0,0
STU2024391,22,Female,8,7.05,85.1,0,148,0,5,0,44,58.5,0
STU2024392,19,Male,6,9.24,62.8,0,117,0,10,0,57,89.0,1
STU2024393,24,Female,8,7.13,93.2,0,158,0,8,0,38,39.8,0
STU2024394,18,Male,2,9.5,84.4,0,34,0,4,0,71,84.0,0
STU2024395,24,Male,7,9.07,100.0,0,126,0,3,0,40,68.8,0
STU2024396,19,Male,7,7.19,83.4,0,137,0,6,0,20,65.6,0
STU2024397,18,Female,2,8.83,74.0,0,33,0,2,0,36,67.8,1
STU2024398,22,Female,7,7.5,55.8,2,128,0,8,0,35,87.2,0
STU2024399,20,Female,7,8.06,100.0,0,124,0,7,1,39,64.9,0
STU2024400,23,Male,1,9.83,87.8,0,15,0,6,1,58,89.2,0
STU2024401,22,Female,5,10.0,78.6,0,95,0,2,0,26,79.7,0
STU2024402,22,Female,6,6.8,72.7,0,108,0,10,0,48,54.1,0
STU2024403,21,Female,8,7.89,58.0,2,156,0,1,0,62,59.1,1
STU2024404,22,Female,3,7.61,67.3,0,56,0,1,0,46,82.9,0
STU2024405,21,Male,4,7.23,51.8,0,61,0,6,0,15,87.3,1
STU2024406,25,Female,2,5.94,69.3,0,20,0,8,0,38,93.4,0
STU2024407,25,Female,6,6.93,80.0,0,105,0,5,0,67,70.5,0
STU2024408,22,Male,7,6.23,95.3,0,121,0,4,0,55,89.1,0
STU2024409,22,Female,1,5.36,86.7,0,0,0,3,0,33,59.4,0
STU2024410,18,Male,5,6.68,57.2,2,99,0,5,0,3,72.6,0
STU2024411,22,Female,7,7.08,87.7,0,131,0,4,0,49,84.9,0
STU2024412,24,Male,1,7.09,90.8,0,16,0,6,0,39,53.5,0
STU2024413,22,Female,2,7.05,78.9,0,35,1,6,0,24,32.8,0
STU2024414,22,Male,3,4.35,88.0,1,56,0,1,0,24,84.2,0
STU2024415,24,Female,3,6.69,80.7,0,40,0,5,0,46,67.6,0
STU2024416,24,Male,4,6.7,92.9,0,70,0,4,0,52,74.1,0
STU2024417,25,Female,5,8.23,64.8,0,85,0,9,0,36,61.5,1
STU2024418,20,Female,3,7.94,80.6,0,50,0,4,0,77,97.5,0
STU2024419,22,Female,6,6.62,87.4,0,111,0,5,0,49,79.2,0
STU2024420,18,Male,8,9.89,71.9,0,146,0,7,0,49,70.0,0
STU2024421,20,Male,4,9.58,66.0,0,70,0,10,0,27,86.0,0
STU2024422,20,Female,3,6.52,75.0,0,42,0,3,0,51,73.4,1
STU2024423,25,Female,4,7.93,51.7,0,65,0,3,0,43,62.4,0
STU2024424,19,Male,7,6.88,58.0,1,140,0,7,0,39,65.9,0
STU2024425,18,Male,6,5.82,72.4,0,100,0,9,0,63,55.2,0
STU2024426,21,Male,6,7.21,74.0,0,109,1,9,0,51,65.7,1
STU2024427,18,Female,5,5.31,88.0,0,94,0,10,0,40,48.1,0
STU2024428,20,Female,8,8.81,97.1,0,151,0,3,0,37,83.7,0
STU2024429,24,Male,4,5.62,84.6,0,67,0,3,0,46,90.3,1
STU2024430,20,Male,6,7.63,30.1,0,120,0,7,0,91,62.5,1
STU2024431,18,Male,2,9.78,83.5,0,40,0,1,0,63,91.1,0
STU2024432,24,Male,5,7.09,83.9,0,95,0,4,0,27,86.6,0
STU2024433,22,Female,2,5.92,78.4,0,36,0,10,0,84,95.0,0
STU2024434,19,Male,5,5.69,71.4,0,83,0,8,0,52,41.9,0
STU2024435,22,Male,6,6.23,100.0,0,113,0,1,0,66,58.1,0
STU2024436,25,Female,4,8.2,82.6,0,60,0,2,0,53,39.7,0
STU2024437,20,Male,2,8.4,81.4,0,23,0,4,0,91,41.8,0
STU2024438,22,Female,1,7.4,81.8,0,3,0,1,0,41,78.6,0
STU2024439,23,Female,2,10.0,53.8,1,23,0,1,1,63,71.2,1
STU2024440,20,Female,6,9.23,67.2,0,114,0,5,0,28,90.1,1
STU2024441,23,Male,2,3.25,66.7,2,32,0,8,0,23,58.1,1
STU2024442,25,Female,3,7.79,81.7,0,43,0,3,0,39,89.1,0
STU2024443,25,Female,3,7.03,75.9,0,59,0,6,0,58,67.6,0
STU2024444,20,Female,8,8.42,77.4,0,143,0,8,1,38,58.8,0
STU2024445,23,Male,4,5.16,95.7,0,70,0,10,0,40,44.6,0
STU2024446,21,Female,6,6.21,72.5,0,120,0,9,0,36,75.7,0
STU2024447,18,Male,8,5.7,70.6,0,155,0,2,0,53,58.6,0
STU2024448,23,Female,1,7.53,80.3,0,16,0,7,0,44,66.0,0
STU2024449,25,Female,8,10.0,80.3,0,142,0,8,0,82,64.8,0
STU2024450,18,Male,7,7.13,71.5,0,133,0,2,0,73,82.1,0
STU2024451,22,Male,8,10.0,35.0,0,150,0,1,0,13,59.3,0
STU2024452,23,Female,6,6.46,90.6,0,114,0,1,0,61,63.4,0
STU2024453,22,Female,2,9.97,91.1,0,21,0,8,0,35,70.4,0
STU2024454,24,Male,5,5.77,81.8,0,99,0,7,0,12,66.0,0
STU2024455,21,Female,2,8.08,78.8,0,33,0,8,0,46,84.5,0
STU2024456,20,Female,1,8.02,82.4,0,16,0,9,0,42,60.8,0
STU2024457,25,Male,3,4.64,94.8,0,44,1,9,0,46,75.3,1
STU2024458,21,Female,7,7.44,80.2,0,130,0,8,0,48,46.1,0
STU2024459,22,Female,4,7.14,86.7,0,66,0,5,0,37,67.8,0
STU2024460,20,Male,6,8.21,84.5,0,103,0,9,0,39,61.0,0
STU2024461,24,Female,7,8.52,63.4,0,120,0,1,0,49,83.8,1
STU2024462,18,Male,5,5.05,78.8,0,85,0,5,0,26,68.8,1
STU2024463,22,Male,1,6.29,54.8,1,11,0,2,0,81,86.4,0
STU2024464,21,Female,4,8.66,70.3,0,76,0,5,0,62,89.9,1
STU2024465,24,Female,7,8.27,89.6,0,130,0,1,1,42,90.1,0
STU2024466,25,Male,6,9.5,69.3,0,118,0,10,0,45,63.1,0
STU2024467,21,Female,8,7.08,47.6,1,145,0,2,0,13,72.0,1
STU2024468,19,Female,1,8.16,88.9,0,13,0,5,0,60,80.6,0
STU2024469,22,Male,6,8.5,64.1,0,114,0,3,1,61,55.3,0
STU2024470,18,Female,8,8.18,88.5,0,158,0,2,0,83,74.3,0
STU2024471,21,Male,2,8.88,63.5,0,36,1,2,0,64,40.1,0
STU2024472,23,Female,6,8.54,91.1,0,109,0,10,0,56,96.3,0
STU2024473,18,Male,6,7.02,74.7,0,114,0,10,0,46,86.4,0
STU2024474,18,Female,7,10.0,66.8,0,123,0,9,0,32,74.5,1
STU2024475,23,Female,8,9.93,100.0,0,141,0,4,0,34,93.8,1
STU2024476,19,Male,1,9.09,59.0,1,20,0,7,0,44,83.4,1
STU2024477,24,Male,3,9.27,92.4,0,40,0,6,1,47,87.2,1
STU2024478,20,Female,2,6.43,93.2,0,38,0,5,0,84,93.6,0
STU2024479,24,Female,6,6.36,79.3,0,100,0,2,0,80,82.0,0
STU2024480,19,Male,2,9.53,75.4,0,31,0,2,0,43,42.1,0
STU2024481,19,Female,8,9.63,51.2,1,152,0,1,0,44,44.8,0
STU2024482,20,Female,5,3.77,66.6,0,100,1,1,0,70,92.8,1
STU2024483,19,Male,1,8.01,60.9,0,18,0,9,0,54,45.1,1
STU2024484,21,Female,4,8.73,100.0,0,73,0,9,0,49,52.4,0
STU2024485,22,Male,2,10.0,59.8,1,25,0,10,0,48,78.3,0
STU2024486,25,Male,5,7.63,77.9,0,82,0,4,0,31,50.4,0
STU2024487,23,Female,3,7.5,66.2,0,60,0,5,0,28,69.1,0
STU2024488,23,Female,8,7.86,98.8,0,150,0,5,0,61,94.7,0
STU2024489,23,Female,7,8.25,100.0,0,125,0,4,0,64,77.2,0
STU2024490,22,Female,3,7.27,59.6,1,50,0,8,0,74,46.6,0
STU2024491,25,Male,3,6.72,69.9,0,60,0,5,0,58,77.0,0
STU2024492,21,Female,2,6.76,81.9,0,22,0,9,0,30,89.6,0
STU2024493,24,Male,1,4.81,54.7,1,17,0,9,0,39,72.7,0
STU2024494,23,Female,4,8.27,73.8,0,78,0,5,0,26,61.9,0
STU2024495,19,Female,6,7.08,60.5,0,116,0,10,0,60,64.8,0
STU2024496,20,Female,3,6.48,78.2,0,45,0,10,0,70,87.8,0
STU2024497,25,Female,1,8.79,77.1,0,7,0,4,0,18,69.2,0
STU2024498,18,Male,6,5.78,82.6,0,112,0,8,0,79,90.6,1
STU2024499,23,Male,5,7.79,73.5,0,88,0,10,0,58,35.5,0
STU2024500,23,Male,5,8.21,64.9,0,92,0,4,0,41,92.8,0
STU2024501,23,Female,8,8.76,78.1,0,159,0,8,0,24,63.0,1
STU2024502,22,Male,3,9.31,78.8,0,45,0,4,0,77,61.7,0
STU2024503,19,Female,8,8.28,73.5,0,155,0,3,0,95,66.0,0
STU2024504,21,Male,3,10.0,77.2,0,58,0,3,0,37,51.6,1
STU2024505,20,Male,3,7.33,62.9,0,48,0,9,0,42,78.3,0
STU2024506,18,Female,2,7.3,31.1,1,26,0,8,0,91,89.3,1
STU2024507,24,Male,3,10.0,100.0,0,59,0,5,0,53,54.2,0
STU2024508,25,Male,4,8.39,68.2,0,72,0,2,1,45,74.1,0
STU2024509,24,Male,2,6.42,55.7,3,25,0,10,0,69,70.4,0
STU2024510,19,Male,8,10.0,69.6,0,144,0,9,0,48,72.1,0
STU2024511,24,Female,6,9.8,85.0,0,101,0,7,0,31,43.4,0
STU2024512,24,Female,2,9.06,87.2,0,33,1,4,0,49,77.4,1
STU2024513,24,Female,4,7.57,75.8,0,60,0,1,0,39,69.4,1
STU2024514,18,Female,4,9.12,100.0,0,70,0,2,0,15,70.6,0
STU2024515,22,Female,7,6.31,81.4,0,138,0,5,0,75,41.4,0
STU2024516,21,Female,8,7.51,60.5,0,145,0,9,0,82,86.2,0
STU2024517,23,Female,3,4.75,59.2,1,43,0,8,0,47,85.0,0
STU2024518,19,Male,7,8.01,74.3,0,130,0,10,0,46,55.6,0
STU2024519,20,Female,1,9.56,79.7,0,2,0,8,0,63,87.7,0
STU2024520,19,Female,4,6.58,80.2,0,71,0,7,0,100,51.3,0
STU2024521,22,Male,3,8.46,76.8,0,60,0,1,0,47,44.1,0
STU2024522,22,Male,1,10.0,89.4,0,19,0,4,0,51,59.9,0
STU2024523,23,Male,1,7.05,94.7,0,5,1,7,0,56,83.2,0
STU2024524,21,Male,2,6.31,62.8,0,22,0,9,0,28,73.0,0
STU2024525,22,Male,4,7.61,55.6,0,74,0,10,1,35,37.1,1
STU2024526,19,Male,5,8.41,73.4,0,90,0,9,0,69,78.0,0
STU2024527,22,Female,7,8.47,69.5,0,138,0,4,0,44,48.9,0
STU2024528,25,Female,1,7.5,86.9,0,15,0,7,0,65,55.6,0
STU2024529,21,Female,7,7.78,85.4,0,131,0,1,0,64,68.2,0
STU2024530,22,Male,7,5.44,80.3,0,130,0,8,0,10,54.7,0
STU2024531,22,Male,4,8.65,51.9,0,75,0,4,0,37,73.5,0
STU2024532,21,Male,4,5.24,57.6,0,67,0,6,0,30,58.2,1
STU2024533,19,Female,1,6.62,86.7,0,17,0,8,0,41,69.3,0
STU2024534,22,Female,3,7.72,80.5,0,56,0,4,0,50,69.2,0
STU2024535,24,Female,1,7.54,80.6,0,16,0,3,0,56,93.8,0
STU2024536,25,Female,1,7.29,80.1,0,0,0,7,0,70,73.3,0
STU2024537,22,Male,5,6.95,76.1,0,87,0,10,0,46,83.2,0
STU2024538,24,Male,7,7.77,93.4,0,131,0,7,0,62,79.6,0
STU2024539,20,Male,2,10.0,83.0,0,28,0,9,0,66,69.5,0
STU2024540,20,Male,8,6.64,80.0,0,140,1,3,0,68,70.5,0
STU2024541,23,Female,5,7.78,61.3,0,88,0,10,1,33,67.6,1
STU2024542,20,Male,4,8.14,75.6,0,68,0,2,0,21,42.4,0
STU2024543,23,Female,5,5.79,75.4,0,91,0,6,0,54,91.7,0
STU2024544,21,Male,5,4.82,82.7,1,91,0,9,0,40,59.3,0
STU2024545,19,Female,5,8.84,49.9,3,94,0,3,0,21,80.9,0
STU2024546,23,Female,7,8.28,77.2,0,122,1,4,0,44,61.0,0
STU2024547,22,Female,5,5.65,52.7,2,94,0,6,0,75,40.5,0
STU2024548,25,Female,3,6.59,79.2,0,45,0,3,0,49,76.6,0
STU2024549,19,Male,3,7.84,75.3,0,52,0,8,0,30,95.0,1
STU2024550,24,Male,2,6.72,90.0,0,28,0,2,0,40,78.6,0
STU2024551,22,Male,4,4.84,82.1,1,69,0,3,0,8,87.5,0
STU2024552,18,Male,6,5.91,82.0,0,110,0,8,0,38,87.6,0
STU2024553,22,Female,3,7.77,94.5,0,57,1,10,0,61,45.3,0
STU2024554,22,Female,8,7.6,72.5,0,157,0,2,0,54,80.9,0
STU2024555,22,Male,5,5.67,77.4,0,80,0,6,0,32,57.6,0
STU2024556,25,Female,5,7.52,60.1,0,80,0,5,0,58,62.9,0
STU2024557,23,Male,7,6.93,73.1,0,137,0,4,0,42,53.2,0
STU2024558,24,Female,4,6.68,74.3,0,68,0,9,0,53,47.7,0
STU2024559,22,Female,5,9.27,82.2,0,93,0,3,0,45,89.3,0
STU2024560,25,Female,5,9.48,93.6,0,99,0,6,1,57,68.9,1
STU2024561,18,Male,2,8.97,54.4,2,29,0,8,0,40,84.6,1
STU2024562,20,Male,8,8.24,70.1,0,146,0,5,0,66,42.3,0
STU2024563,23,Female,1,6.59,54.2,0,10,0,1,0,40,83.2,1
STU2024564,25,Male,4,7.43,79.8,0,68,0,1,0,83,60.0,0
STU2024565,21,Female,8,5.85,52.8,1,147,0,1,0,69,79.1,0
STU2024566,19,Male,8,5.0,79.5,0,152,0,5,0,53,69.2,0
STU2024567,18,Male,5,4.21,72.6,3,95,0,4,0,34,30.5,1
STU2024568,21,Male,4,6.67,95.9,0,80,0,1,0,64,71.9,0
STU2024569,19,Female,4,10.0,60.9,0,60,0,10,0,82,87.2,0
STU2024570,20,Female,2,8.23,53.8,0,27,0,10,0,54,47.6,0
STU2024571,18,Male,6,6.17,36.2,2,120,0,3,0,43,41.1,1
STU2024572,23,Female,4,5.72,57.3,2,60,0,6,0,53,35.7,1
STU2024573,18,Female,8,9.01,66.8,0,157,0,8,0,17,88.0,1
STU2024574,23,Female,8,8.87,76.5,0,148,0,10,0,47,64.7,0
STU2024575,19,Male,8,7.97,100.0,0,149,0,9,0,26,79.2,1
STU2024576,24,Male,1,7.14,81.2,0,19,0,10,0,67,79.5,0
STU2024577,24,Male,8,4.97,77.9,0,157,1,6,0,37,42.7,1
STU2024578,19,Male,1,9.38,69.0,0,4,0,4,0,27,75.4,0
STU2024579,18,Female,8,8.26,96.7,0,156,0,10,0,61,66.8,0
STU2024580,19,Male,4,10.0,78.6,0,80,0,2,0,8,85.0,0
STU2024581,23,Female,6,10.0,63.4,0,101,0,5,0,16,60.0,0
STU2024582,22,Male,4,7.21,44.0,1,76,0,9,0,50,53.2,1
STU2024583,21,Male,7,9.97,80.4,0,123,0,10,0,32,39.5,0
STU2024584,24,Male,3,8.07,34.4,0,45,0,9,0,37,76.7,1
STU2024585,25,Female,6,7.68,64.9,0,117,0,6,0,73,79.6,0
STU2024586,24,Female,4,7.37,100.0,0,78,0,7,0,86,80.6,0
STU2024587,22,Female,8,7.83,70.1,0,154,0,1,0,55,70.3,0
STU2024588,18,Male,5,5.38,99.3,0,80,0,4,0,47,83.3,0
STU2024589,22,Male,2,8.81,74.5,0,21,0,3,0,68,77.9,0
STU2024590,21,Male,5,6.88,60.9,0,89,1,10,0,50,96.3,0
STU2024591,23,Female,3,7.69,85.6,0,55,0,10,0,54,46.4,1
STU2024592,22,Male,7,7.14,78.8,0,122,0,6,0,66,81.8,0
STU2024593,24,Male,4,8.65,91.9,0,80,0,1,0,31,90.6,0
STU2024594,18,Female,1,7.28,73.6,0,10,0,3,0,45,62.5,0
STU2024595,20,Male,7,7.06,69.6,0,134,0,10,0,41,68.3,0
STU2024596,22,Female,3,7.16,76.2,0,44,0,8,0,32,59.7,1
STU2024597,24,Female,2,7.75,81.3,0,32,0,3,0,61,52.9,0
STU2024598,21,Female,7,5.95,84.7,0,140,0,9,0,66,81.5,0
STU2024599,21,Male,2,9.32,67.6,0,28,0,6,0,71,54.1,0
STU2024600,19,Female,7,6.33,58.7,1,131,0,6,0,92,77.2,0
STU2024601,22,Male,6,5.76,49.8,0,119,0,8,0,69,51.0,0
STU2024602,21,Male,6,9.0,64.0,0,104,0,2,0,83,71.4,1
STU2024603,20,Female,1,7.33,69.2,0,10,0,2,0,48,72.9,0
STU2024604,23,Male,4,8.23,80.7,0,66,0,5,0,56,65.8,0
STU2024605,20,Male,7,7.87,63.5,0,138,0,9,1,49,25.1,0
STU2024606,22,Male,5,7.83,93.9,0,81,0,1,0,12,80.8,0
STU2024607,23,Male,1,8.69,69.1,0,9,0,7,0,35,49.3,0
STU2024608,19,Female,8,8.19,72.4,0,159,0,3,0,23,78.2,0
STU2024609,18,Male,4,7.92,67.4,0,76,0,8,0,33,69.5,0
STU2024610,23,Female,6,5.84,68.8,0,120,0,9,0,48,73.3,1
STU2024611,22,Female,1,3.92,67.6,2,17,0,4,0,63,66.8,0
STU2024612,20,Male,7,7.87,58.6,0,136,0,10,0,36,83.3,0
STU2024613,24,Male,3,8.24,32.2,0,53,0,10,0,38,58.6,0
STU2024614,21,Male,4,4.71,70.2,0,64,0,9,0,50,89.9,0
STU2024615,20,Male,6,7.99,47.9,1,102,0,2,0,49,79.4,0
STU2024616,20,Male,6,5.22,79.1,0,113,0,5,0,50,33.1,0
STU2024617,22,Male,4,5.16,57.3,1,63,0,10,0,79,56.4,0
STU2024618,21,Male,4,6.68,75.4,0,60,0,8,0,19,59.1,0
STU2024619,25,Female,3,7.82,90.9,0,52,0,3,0,53,77.8,0
STU2024620,24,Male,5,4.11,61.5,1,93,0,4,0,34,60.7,1
STU2024621,25,Female,6,8.24,100.0,0,114,0,7,0,55,90.3,1
STU2024622,24,Female,7,5.14,56.7,0,139,0,10,0,9,90.3,0
STU2024623,18,Male,8,4.31,92.4,1,154,0,1,0,69,66.1,1
STU2024624,24,Male,7,8.26,68.5,0,136,0,1,0,20,80.3,0
STU2024625,22,Female,8,5.82,59.2,0,145,0,10,0,52,77.6,0
STU2024626,20,Female,8,6.62,56.4,2,142,0,2,0,37,91.6,0
STU2024627,20,Female,7,6.16,82.4,0,130,0,3,0,57,53.5,0
STU2024628,21,Female,2,7.73,70.0,0,28,0,3,0,49,56.5,0
STU2024629,19,Female,6,8.64,66.1,0,102,0,7,0,68,88.7,0
STU2024630,20,Female,7,8.52,57.7,2,121,0,6,0,58,98.1,0
STU2024631,20,Male,3,7.02,77.6,0,45,0,1,0,69,44.7,0
STU2024632,25,Female,3,4.55,73.8,0,43,0,4,1,9,88.6,0
STU2024633,18,Female,8,7.34,81.1,0,155,0,1,0,64,80.1,0
STU2024634,21,Female,8,7.96,62.6,0,153,0,10,0,55,60.7,0
STU2024635,22,Male,1,3.76,64.9,1,5,1,1,0,54,59.2,1
STU2024636,22,Female,2,3.94,100.0,0,21,0,3,0,67,85.3,0
STU2024637,20,Female,6,7.8,68.9,0,101,1,6,0,37,80.3,0
STU2024638,19,Female,2,6.56,80.1,0,29,0,2,0,31,90.3,0
STU2024639,24,Male,4,6.05,86.5,0,79,0,8,0,60,67.0,0
STU2024640,22,Female,6,6.69,73.9,0,108,0,10,0,71,79.9,0
STU2024641,25,Female,8,7.41,86.6,0,145,0,4,0,48,39.9,0
STU2024642,18,Male,1,7.4,78.5,0,14,0,2,0,6,50.7,1
STU2024643,24,Female,1,8.92,63.6,0,10,0,4,1,42,68.9,0
STU2024644,22,Female,2,7.31,89.5,0,29,0,9,0,33,81.1,1
STU2024645,23,Female,7,8.54,79.7,0,138,0,1,0,18,53.3,1
STU2024646,23,Female,8,7.8,70.2,0,141,0,8,0,24,59.9,0
STU2024647,23,Female,7,7.94,76.4,0,121,0,5,0,38,52.1,0
STU2024648,18,Male,6,8.62,96.0,0,111,0,5,0,81,85.2,0
STU2024649,24,Male,7,5.77,80.7,0,125,0,5,0,33,52.6,0
STU2024650,18,Female,7,10.0,93.6,0,122,0,4,0,64,86.2,0
STU2024651,22,Male,5,8.63,78.0,0,85,0,4,0,48,80.9,0
STU2024652,18,Female,3,6.7,65.2,0,46,0,8,0,67,67.1,0
STU2024653,23,Male,2,6.63,56.5,0,36,0,3,0,63,58.0,1
STU2024654,24,Male,1,4.25,57.1,1,9,0,10,0,30,52.3,1
STU2024655,18,Male,5,7.22,85.4,0,80,0,5,0,55,79.8,0
STU2024656,21,Male,5,6.62,61.0,0,88,0,8,0,46,83.5,0
STU2024657,20,Female,2,8.31,67.7,0,20,0,9,0,71,49.1,0
STU2024658,23,Female,5,5.42,86.5,0,84,0,5,0,48,63.9,0
STU2024659,22,Female,8,9.14,93.0,0,141,1,1,0,28,77.1,1
STU2024660,24,Female,3,7.04,97.9,0,59,0,8,0,22,89.8,0
STU2024661,21,Male,8,7.7,73.3,0,158,1,2,0,32,75.0,0
STU2024662,25,Female,4,7.15,60.6,0,67,1,6,0,67,95.3,0
STU2024663,23,Female,8,8.55,56.8,1,155,1,2,0,45,65.2,1
STU2024664,20,Female,6,5.66,75.1,0,119,0,9,0,67,64.6,0
STU2024665,19,Female,2,6.74,62.3,0,29,0,7,0,44,80.8,0
STU2024666,21,Male,8,7.17,75.4,0,152,0,10,0,52,66.0,0
STU2024667,23,Male,3,6.99,72.4,0,42,0,10,0,64,77.6,0
STU2024668,25,Female,2,9.29,63.5,0,34,1,2,0,60,94.9,0
STU2024669,24,Female,8,7.71,75.2,0,160,0,2,0,76,66.1,1
STU2024670,18,Male,3,9.47,100.0,0,54,0,7,0,20,32.6,0
STU2024671,21,Female,5,6.4,65.0,0,98,0,5,0,32,63.9,0
STU2024672,23,Male,1,6.73,57.4,1,19,0,7,0,95,90.1,0
STU2024673,18,Female,1,8.51,66.4,0,0,0,6,0,22,61.5,0
STU2024674,18,Male,7,8.14,84.0,0,138,0,6,0,42,38.2,0
STU2024675,24,Male,3,5.3,94.7,0,55,1,6,0,49,63.2,1
STU2024676,20,Male,1,7.69,100.0,0,2,0,3,0,42,34.5,0
STU2024677,24,Male,2,7.92,72.4,0,24,0,7,0,57,61.5,0
STU2024678,24,Male,8,10.0,63.0,0,156,0,8,0,45,32.6,0
STU2024679,24,Male,8,7.01,57.6,2,147,0,5,0,32,90.0,0
STU2024680,23,Male,1,8.94,82.2,0,18,0,6,0,28,90.4,0
STU2024681,19,Male,5,8.79,78.8,0,94,0,9,0,45,53.1,1
STU2024682,25,Male,5,9.2,63.1,0,99,1,9,0,30,66.2,0
STU2024683,25,Female,7,7.38,78.6,0,131,0,5,0,69,72.0,1
STU2024684,22,Female,1,6.74,76.9,0,20,0,3,0,40,87.3,0
STU2024685,22,Male,5,8.37,73.1,0,95,0,5,0,78,60.8,0
STU2024686,22,Female,1,8.32,81.1,0,3,0,10,0,57,75.0,0
STU2024687,23,Male,5,10.0,92.8,0,87,0,9,0,64,96.5,0
STU2024688,19,Male,3,10.0,78.2,0,55,0,7,0,40,84.2,0
STU2024689,25,Male,4,5.93,82.1,0,78,0,6,0,55,80.6,0
STU2024690,19,Male,3,8.33,54.5,3,54,0,5,0,64,87.2,0
STU2024691,21,Female,7,6.2,76.5,0,135,0,9,0,72,61.9,1
STU2024692,25,Female,6,6.94,67.0,0,116,0,1,0,55,35.1,0
STU2024693,23,Female,5,5.6,85.0,0,90,0,2,0,63,73.2,0
STU2024694,25,Male,4,9.03,57.3,2,76,0,3,0,44,82.9,1
STU2024695,18,Male,1,7.58,84.5,0,13,0,8,0,71,86.7,0
STU2024696,22,Male,1,2.73,69.9,0,0,0,1,0,73,91.2,0
STU2024697,21,Male,2,4.36,72.4,0,22,0,3,0,32,60.4,0
STU2024698,20,Male,3,4.58,63.7,1,48,0,2,0,9,78.7,0
STU2024699,22,Female,6,8.49,61.0,0,108,0,5,0,48,58.3,0
STU2024700,23,Male,5,4.63,69.7,1,88,0,8,0,58,44.4,1
STU2024701,24,Male,8,7.46,55.1,0,143,1,4,0,48,94.7,1
STU2024702,25,Female,2,8.0,88.0,0,21,1,8,1,26,69.9,0
STU2024703,18,Male,7,6.8,63.6,0,128,1,7,0,77,70.4,0
STU2024704,25,Female,7,6.18,92.5,0,132,0,2,0,60,56.0,1
STU2024705,25,Male,6,6.66,82.2,0,110,0,7,0,0,87.4,0
STU2024706,19,Female,6,8.43,88.1,0,102,0,5,0,68,76.9,0
STU2024707,18,Female,4,6.47,54.7,0,69,0,2,0,0,68.4,1
STU2024708,19,Female,4,6.72,75.7,0,64,0,10,0,75,78.0,0
STU2024709,22,Female,8,8.8,49.7,0,140,0,6,0,36,75.4,1
STU2024710,19,Male,8,6.3,62.2,0,157,0,2,1,59,84.6,1
STU2024711,18,Female,1,6.34,99.1,0,7,0,3,1,54,90.2,0
STU2024712,22,Male,8,4.97,59.0,1,159,0,2,0,49,70.9,1
STU2024713,21,Male,4,5.96,69.4,0,73,0,7,0,62,89.4,0
STU2024714,20,Female,4,7.09,67.2,0,61,0,6,0,76,78.1,0
STU2024715,24,Male,6,9.09,69.4,0,117,0,10,1,77,81.8,1
STU2024716,24,Male,1,6.15,83.8,0,15,0,3,0,78,83.8,0
STU2024717,22,Female,8,5.56,72.9,0,144,0,5,0,71,29.3,0
STU2024718,20,Male,3,8.21,75.0,0,55,0,2,0,74,94.3,0
STU2024719,23,Female,1,7.62,64.1,0,17,0,2,0,84,68.4,0
STU2024720,23,Male,8,6.89,78.6,0,160,0,5,0,75,66.9,0
STU2024721,20,Female,8,7.21,90.9,0,145,0,1,0,48,70.6,0
STU2024722,24,Female,6,7.31,65.2,0,119,0,8,1,45,45.0,0
STU2024723,20,Male,1,9.79,73.8,0,15,0,2,0,29,38.8,0
STU2024724,23,Female,4,4.13,80.8,1,70,0,2,0,5,78.2,1
STU2024725,24,Male,7,7.17,76.0,0,127,1,1,0,53,92.7,1
STU2024726,25,Male,7,7.16,73.3,0,131,0,6,0,61,67.9,0
STU2024727,20,Male,1,8.57,100.0,0,8,1,8,0,66,67.8,0
STU2024728,21,Female,3,5.46,86.0,0,60,0,3,0,24,75.5,0
STU2024729,21,Male,7,9.9,86.0,0,136,0,4,0,50,59.0,0
STU2024730,22,Male,7,7.69,43.4,2,127,0,7,0,90,58.7,0
STU2024731,20,Male,7,4.76,90.7,0,121,1,9,1,75,66.1,1
STU2024732,25,Male,8,7.22,86.0,0,155,0,9,0,60,47.5,0
STU2024733,24,Male,3,10.0,64.7,0,51,0,2,1,82,87.4,0
STU2024734,20,Female,1,7.7,87.4,0,14,0,3,0,71,47.2,0
STU2024735,23,Female,1,8.59,80.3,0,20,1,9,1,56,76.2,0
STU2024736,22,Male,2,8.61,85.6,0,39,0,1,0,50,78.8,0
STU2024737,23,Male,2,7.0,54.9,1,32,0,10,1,50,90.8,0
STU2024738,19,Male,3,7.42,57.3,2,50,0,2,0,45,77.2,0
STU2024739,21,Male,6,9.82,76.3,0,111,0,9,0,84,85.7,0
STU2024740,19,Female,6,5.9,76.3,0,114,0,9,0,41,77.2,0
STU2024741,22,Female,6,9.31,77.7,0,102,1,2,0,62,90.3,0
STU2024742,22,Male,2,10.0,55.9,2,25,0,3,0,33,64.6,0
STU2024743,18,Female,7,9.04,82.5,0,137,0,8,0,54,73.9,0
STU2024744,18,Female,4,8.71,58.9,1,62,0,9,0,51,91.4,0
STU2024745,23,Female,8,10.0,66.2,0,158,0,9,0,18,83.9,0
STU2024746,22,Male,5,6.09,85.3,0,85,0,4,0,36,71.3,0
STU2024747,18,Male,6,7.72,76.5,0,109,0,3,0,58,73.5,0
STU2024748,22,Male,3,8.14,51.3,3,44,0,1,0,51,77.7,0
STU2024749,25,Female,6,9.05,68.9,0,105,0,1,0,68,62.8,0
STU2024750,20,Female,8,5.73,100.0,0,157,0,9,0,32,84.6,0
STU2024751,24,Female,3,6.2,74.8,0,54,0,3,1,52,98.5,0
STU2024752,23,Female,8,6.49,73.6,0,149,0,10,0,50,66.9,0
STU2024753,25,Female,2,6.35,58.1,0,35,0,3,0,27,67.9,1
STU2024754,18,Female,4,10.0,98.3,0,74,0,6,0,10,74.4,0
STU2024755,21,Female,4,8.99,77.7,0,60,1,2,0,55,78.0,0
STU2024756,25,Female,1,7.44,71.6,0,11,0,7,0,78,88.9,0
STU2024757,22,Female,6,6.62,69.8,0,109,0,9,0,55,38.2,0
STU2024758,25,Female,8,8.74,76.6,0,149,1,7,0,77,78.6,0
STU2024759,19,Male,4,6.34,87.2,0,69,0,9,0,33,54.4,1
STU2024760,24,Male,1,7.52,68.9,0,13,0,5,0,0,81.1,0
STU2024761,20,Male,3,8.3,100.0,0,52,0,8,1,35,81.6,0
STU2024762,22,Female,8,10.0,85.1,0,147,0,3,0,44,62.5,0
STU2024763,25,Male,5,7.46,96.8,0,93,0,1,0,43,66.4,0
STU2024764,19,Female,8,8.14,69.0,0,158,0,5,0,66,79.2,0
STU2024765,19,Female,1,6.28,69.0,0,8,0,3,0,62,32.3,0
STU2024766,20,Female,3,6.33,63.5,0,41,0,7,0,73,59.1,0
STU2024767,18,Female,5,6.59,86.0,0,96,0,2,0,57,64.2,0
STU2024768,20,Male,3,10.0,82.7,0,57,0,6,0,42,92.4,0
STU2024769,22,Female,6,8.41,43.8,0,103,0,6,0,37,75.3,1
STU2024770,22,Female,8,9.54,56.7,1,153,0,3,0,77,79.4,1
STU2024771,21,Male,2,9.48,72.5,0,33,0,2,0,51,69.5,1
STU2024772,18,Female,6,6.03,71.1,0,109,0,3,0,71,84.7,0
STU2024773,23,Male,5,7.09,93.5,0,80,0,2,0,33,77.9,0
STU2024774,20,Male,5,9.56,72.1,0,84,0,2,0,60,90.4,0
STU2024775,19,Male,1,9.13,78.2,0,15,0,1,0,53,93.3,1
STU2024776,18,Female,2,6.45,66.9,0,28,1,1,0,44,58.4,0
STU2024777,21,Male,3,6.34,67.5,0,51,0,5,0,39,57.8,0
STU2024778,20,Male,2,7.04,59.2,1,23,0,1,0,58,44.9,0
STU2024779,22,Male,1,7.09,42.0,1,3,0,9,0,62,71.1,0
STU2024780,20,Female,2,8.03,66.9,0,25,0,7,0,67,72.3,0
STU2024781,24,Male,6,7.43,76.7,0,103,0,9,0,51,68.0,0
STU2024782,22,Male,2,7.01,95.4,0,30,0,7,0,43,44.1,0
STU2024783,22,Female,4,5.86,74.0,0,77,0,7,0,58,73.6,1
STU2024784,25,Female,3,7.53,84.1,0,40,0,8,0,38,78.0,0
STU2024785,19,Male,3,8.76,75.3,0,52,0,10,0,77,62.7,0
STU2024786,20,Male,6,5.55,64.5,0,106,0,10,0,53,72.4,0
STU2024787,21,Female,8,5.38,87.0,0,148,0,10,0,54,78.6,0
STU2024788,24,Female,8,6.28,57.2,2,159,0,8,0,42,85.1,1
STU2024789,25,Male,2,5.5,70.7,0,28,0,4,0,61,78.7,0
STU2024790,19,Male,2,8.47,85.3,0,35,0,3,0,48,70.3,0
STU2024791,20,Female,2,7.24,38.9,2,22,0,9,0,34,78.8,0
STU2024792,21,Female,8,8.69,85.3,0,155,0,9,0,37,55.1,0
STU2024793,18,Male,7,6.6,65.5,0,123,0,6,0,32,64.7,0
STU2024794,18,Male,3,8.65,79.8,0,57,0,5,0,21,67.5,0
STU2024795,24,Male,5,8.96,96.0,0,92,0,2,0,37,95.5,0
STU2024796,25,Female,3,7.1,45.5,3,56,1,8,0,49,79.9,1
STU2024797,23,Female,6,7.25,99.6,0,101,0,3,0,46,64.0,0
STU2024798,18,Female,7,4.3,76.2,1,123,0,6,0,50,68.5,1
STU2024799,21,Male,4,6.88,90.3,0,80,0,2,0,42,91.6,1
STU2024800,22,Male,6,7.72,42.1,3,105,1,1,0,81,91.9,0
STU2024801,24,Female,1,6.77,87.6,0,15,0,6,0,28,55.6,0
STU2024802,19,Female,2,6.32,77.0,0,26,0,9,0,64,75.3,0
STU2024803,20,Female,6,8.26,84.4,0,113,0,2,0,25,69.1,0
STU2024804,22,Female,1,6.33,62.2,0,9,0,7,0,37,81.7,0
STU2024805,19,Male,6,9.44,63.8,0,108,1,7,0,76,68.7,0
STU2024806,22,Female,7,9.45,59.2,1,137,0,7,0,42,65.7,0
STU2024807,25,Male,1,6.95,49.9,1,20,0,3,0,40,65.3,1
STU2024808,25,Female,7,6.39,74.0,0,138,0,1,0,20,58.6,0
STU2024809,20,Male,3,5.93,74.6,0,49,0,7,0,37,52.5,0
STU2024810,19,Male,7,7.85,79.1,0,128,0,3,0,30,81.3,0
STU2024811,24,Male,2,6.03,45.6,1,24,0,5,0,23,61.0,0
STU2024812,24,Female,1,10.0,92.5,0,6,0,1,0,35,98.8,0
STU2024813,20,Male,8,9.28,98.1,0,140,0,6,0,38,67.7,0
STU2024814,24,Female,2,8.25,91.9,0,32,0,3,0,15,80.8,0
STU2024815,19,Female,8,7.67,81.9,0,142,0,2,0,46,65.2,0
STU2024816,24,Male,7,7.01,81.3,0,126,0,4,0,54,66.4,0
STU2024817,22,Male,8,8.49,100.0,0,157,0,2,0,70,85.1,0
STU2024818,21,Female,3,7.45,80.9,0,51,0,6,0,46,93.8,1
STU2024819,18,Male,4,10.0,73.5,0,68,0,5,0,56,76.5,0
STU2024820,19,Male,8,6.79,77.3,0,152,1,5,0,55,53.5,0
STU2024821,21,Female,4,6.99,78.5,0,65,0,6,0,65,94.4,0
STU2024822,24,Male,5,6.9,65.9,0,82,0,8,0,81,72.8,0
STU2024823,23,Female,2,7.3,91.9,0,25,0,9,0,32,70.1,0
STU2024824,23,Female,1,8.81,74.2,0,1,0,3,0,31,92.2,0
STU2024825,20,Male,7,8.54,85.7,0,126,0,6,0,15,68.9,1
STU2024826,21,Male,7,10.0,55.2,2,130,0,3,0,50,64.3,0
STU2024827,23,Female,4,6.64,63.9,0,62,0,3,0,15,81.8,0
STU2024828,21,Male,1,7.25,57.3,1,17,0,4,0,50,74.1,0
STU2024829,21,Female,3,6.68,69.4,0,41,0,7,0,62,72.4,0
STU2024830,23,Male,2,8.42,66.1,0,20,0,7,0,48,38.0,0
STU2024831,25,Male,4,8.06,87.8,0,66,1,5,0,75,69.8,0
STU2024832,24,Male,4,5.95,76.9,0,69,0,4,0,43,70.2,0
STU2024833,20,Male,5,7.17,80.8,0,88,0,8,0,44,84.2,0
STU2024834,25,Male,1,10.0,83.5,0,15,1,7,0,29,97.8,0
STU2024835,24,Female,2,7.65,80.0,0,23,0,1,0,48,79.1,0
STU2024836,23,Male,1,7.08,94.4,0,8,0,7,0,88,50.2,0
STU2024837,23,Male,1,7.67,74.2,0,18,0,9,0,59,79.8,0
STU2024838,25,Male,2,6.04,41.0,1,30,0,7,0,45,63.9,1
STU2024839,18,Male,8,8.95,64.9,0,148,0,7,0,11,74.4,0
STU2024840,22,Female,7,7.02,51.6,1,125,0,8,0,106,78.1,1
STU2024841,25,Male,4,5.38,80.5,0,64,0,1,0,6,69.4,1
STU2024842,25,Female,2,10.0,99.0,0,35,1,9,0,32,99.3,0
STU2024843,20,Male,6,10.0,71.1,0,102,0,5,0,46,36.9,0
STU2024844,22,Male,1,7.11,80.7,0,16,0,3,0,63,98.6,1
STU2024845,25,Male,6,7.31,39.9,1,100,0,2,0,55,76.1,0
STU2024846,19,Female,3,6.24,75.8,0,40,1,8,0,33,96.8,0
STU2024847,18,Female,1,10.0,84.0,0,20,0,8,0,37,80.2,0
STU2024848,20,Male,1,4.99,48.5,0,20,0,1,0,55,47.3,1
STU2024849,24,Male,7,4.64,96.7,0,128,1,2,1,63,55.1,1
STU2024850,24,Female,5,5.71,50.7,2,100,0,3,0,42,73.9,0
STU2024851,24,Female,3,8.42,60.3,0,51,0,6,0,22,67.7,0
STU2024852,24,Female,5,7.11,93.7,0,98,0,2,0,74,93.9,0
STU2024853,20,Female,7,6.51,64.5,0,122,1,8,0,36,89.5,0
STU2024854,20,Female,2,9.34,50.7,1,29,0,2,0,57,21.7,0
STU2024855,20,Male,5,5.28,100.0,0,87,0,5,0,35,52.7,0
STU2024856,18,Male,7,7.16,54.0,2,133,1,6,0,19,87.1,1
STU2024857,18,Male,8,3.75,79.7,1,145,0,7,1,10,69.8,1
STU2024858,22,Female,8,3.15,63.2,3,154,0,5,0,85,74.7,0
STU2024859,20,Male,3,6.9,82.3,0,42,0,10,0,60,79.8,0
STU2024860,24,Male,1,7.62,89.9,0,12,0,8,0,17,87.4,0
STU2024861,25,Female,6,8.62,64.8,0,112,0,2,0,46,42.4,1
STU2024862,19,Male,4,8.16,95.4,0,60,0,3,0,85,79.6,0
STU2024863,21,Male,5,7.06,68.9,0,94,1,1,0,74,82.3,0
STU2024864,25,Female,8,9.25,56.5,0,140,0,10,0,41,74.5,1
STU2024865,24,Male,6,6.43,87.1,0,100,1,7,0,60,57.3,0
STU2024866,22,Male,8,6.04,62.8,0,152,0,10,0,92,91.4,0
STU2024867,25,Male,1,8.78,93.4,0,16,1,9,0,56,69.6,0
STU2024868,24,Female,2,6.93,81.7,0,35,0,6,0,37,78.0,0
STU2024869,20,Female,4,6.0,99.3,0,75,0,4,0,89,74.7,0
STU2024870,23,Female,3,10.0,81.5,0,49,0,7,0,42,73.9,0
STU2024871,23,Female,3,6.0,82.8,0,59,0,2,0,67,88.4,1
STU2024872,21,Male,8,8.34,58.3,0,143,0,8,0,37,68.2,1
STU2024873,18,Male,6,9.15,72.2,0,108,0,3,0,26,44.9,0
STU2024874,18,Male,6,7.79,88.6,0,113,0,2,0,47,48.1,0
STU2024875,23,Female,1,7.33,70.6,0,17,0,3,0,38,96.2,0
STU2024876,19,Male,8,6.62,64.1,0,154,0,2,0,39,46.7,0
STU2024877,19,Male,2,6.43,77.3,0,25,0,4,0,61,66.6,0
STU2024878,22,Female,8,9.33,69.7,0,143,1,6,0,52,76.3,1
STU2024879,21,Female,7,8.79,54.8,2,120,0,8,0,56,62.9,0
STU2024880,19,Female,6,10.0,75.7,0,113,0,4,0,64,35.8,0
STU2024881,24,Male,3,6.25,91.5,0,53,0,7,0,67,74.4,0
STU2024882,23,Male,8,8.3,77.8,0,144,0,9,0,59,91.7,1
STU2024883,23,Female,3,5.5,95.0,0,53,0,3,0,80,91.7,1
STU2024884,22,Female,7,6.51,79.0,0,137,0,6,0,49,78.3,1
STU2024885,22,Male,7,7.26,61.9,0,134,0,9,0,51,70.1,0
STU2024886,25,Female,7,7.84,66.2,0,126,0,2,1,54,54.8,0
STU2024887,20,Female,4,10.0,62.1,0,62,0,5,0,60,82.1,0
STU2024888,20,Male,1,8.18,71.9,0,17,0,4,0,29,89.3,0
STU2024889,24,Male,1,7.33,77.2,0,11,0,9,0,34,61.5,1
STU2024890,19,Female,5,9.41,62.8,0,98,0,8,0,20,83.5,0
STU2024891,21,Female,5,6.3,57.8,0,89,0,10,0,50,80.9,0
STU2024892,21,Male,6,7.43,42.9,1,116,0,6,0,47,55.8,1
STU2024893,24,Female,2,9.44,88.0,0,22,0,8,0,40,55.4,1
STU2024894,24,Female,5,8.17,52.8,1,98,0,7,0,42,34.1,0
STU2024895,25,Female,3,6.95,100.0,0,44,0,8,0,64,57.1,0
STU2024896,19,Male,8,5.52,100.0,0,155,0,9,0,31,39.3,0
STU2024897,24,Male,2,6.41,73.5,0,31,0,1,0,76,72.7,1
STU2024898,22,Female,5,9.42,89.7,0,89,0,3,0,63,95.4,0
STU2024899,18,Female,5,6.73,69.3,0,86,1,1,0,20,87.3,0
STU2024900,18,Female,8,5.85,76.3,0,158,0,8,0,69,80.8,0
STU2024901,25,Male,3,10.0,47.1,1,56,0,8,0,39,88.7,1
STU2024902,23,Male,7,5.04,96.3,0,132,0,7,0,50,92.7,1
STU2024903,25,Female,2,7.4,53.6,0,25,0,10,0,57,48.8,0
STU2024904,22,Male,2,9.03,39.5,0,26,0,9,0,34,51.6,1
STU2024905,21,Female,1,5.9,65.9,0,3,0,9,0,59,69.2,1
STU2024906,21,Male,8,6.65,69.6,0,142,0,10,0,102,97.7,0
STU2024907,25,Male,6,6.9,59.9,3,113,0,9,0,43,65.3,1
STU2024908,19,Male,3,8.95,82.4,0,49,1,2,0,42,47.8,0
STU2024909,20,Male,6,6.35,88.7,0,105,0,5,0,46,59.1,0
STU2024910,24,Female,5,8.88,90.3,0,92,0,2,0,38,72.9,0
STU2024911,21,Female,7,5.32,71.4,0,123,0,6,0,79,71.8,0
STU2024912,25,Male,7,6.11,58.0,0,140,0,1,0,32,50.8,0
STU2024913,19,Male,3,9.19,76.9,0,49,0,8,0,65,89.7,0
STU2024914,21,Male,6,10.0,63.2,0,117,0,4,0,63,28.3,0
STU2024915,25,Male,1,6.71,74.9,0,14,0,10,0,69,70.6,0
STU2024916,18,Male,8,9.29,69.8,0,148,0,7,0,52,33.9,0
STU2024917,21,Female,1,5.46,77.7,0,5,0,10,0,45,78.6,1
STU2024918,19,Male,5,6.85,100.0,0,93,0,9,0,55,70.3,0
STU2024919,23,Female,8,7.25,89.6,0,148,0,6,0,62,74.6,0
STU2024920,23,Male,3,10.0,87.3,0,60,0,10,0,49,38.8,0
STU2024921,20,Female,8,5.18,98.6,0,152,0,2,0,38,74.2,0
STU2024922,25,Male,6,4.79,92.7,1,112,0,6,0,42,51.2,0
STU2024923,18,Male,8,9.41,100.0,0,151,0,8,1,22,67.4,0
STU2024924,22,Female,4,7.12,54.9,3,62,0,5,0,24,65.4,1
STU2024925,25,Female,1,8.63,60.4,0,8,0,10,0,84,90.6,0
STU2024926,24,Male,5,4.75,78.9,1,98,0,3,0,24,84.9,0
STU2024927,20,Male,3,8.26,80.4,0,42,0,9,0,51,92.9,0
STU2024928,18,Female,8,7.57,83.0,0,140,0,1,0,36,88.7,0
STU2024929,24,Female,2,9.71,71.5,0,36,0,6,0,60,94.3,1
STU2024930,21,Male,5,8.36,62.1,0,93,0,6,1,21,66.1,0
STU2024931,19,Male,4,3.57,67.6,1,73,0,4,0,47,84.2,1
STU2024932,19,Male,1,8.93,54.1,0,15,0,1,0,65,72.0,0
STU2024933,23,Female,4,6.61,41.2,1,63,0,6,0,56,73.0,0
STU2024934,21,Male,8,5.73,89.9,0,143,0,10,0,36,64.9,0
STU2024935,18,Female,6,7.29,56.9,0,102,0,1,0,66,77.5,0
STU2024936,22,Female,2,4.39,89.9,1,23,0,9,0,27,66.9,0
STU2024937,24,Male,7,7.94,70.7,0,127,0,10,1,65,34.2,0
STU2024938,24,Male,6,5.35,76.8,0,120,0,1,0,78,69.8,0
STU2024939,21,Male,2,6.14,83.1,0,20,0,2,0,74,87.2,0
STU2024940,20,Female,6,4.88,61.2,1,113,0,10,0,65,59.4,1
STU2024941,18,Male,3,7.11,75.7,0,49,0,9,0,54,86.7,0
STU2024942,22,Male,3,9.46,51.3,1,55,0,6,0,61,99.6,0
STU2024943,20,Male,4,8.01,88.4,0,76,0,9,0,15,53.7,0
STU2024944,21,Male,4,8.25,75.2,0,62,0,8,0,41,66.9,0
STU2024945,23,Female,5,8.19,71.7,0,93,0,2,0,51,70.0,0
STU2024946,18,Female,4,6.71,67.6,0,60,0,4,0,31,86.5,0
STU2024947,25,Female,7,7.23,51.7,0,126,0,1,0,81,68.7,1
STU2024948,18,Male,3,8.1,63.8,0,49,0,10,0,44,60.1,0
STU2024949,18,Male,4,7.68,73.4,0,69,1,3,0,72,60.0,0
STU2024950,20,Male,1,7.21,97.1,0,5,0,2,1,49,71.5,0
STU2024951,24,Male,6,8.27,73.0,0,106,0,4,0,23,90.7,0
STU2024952,20,Female,2,7.74,92.3,0,23,0,4,0,37,74.6,0
STU2024953,23,Female,7,7.57,70.7,0,140,0,1,0,54,91.9,0
STU2024954,22,Male,6,9.65,71.1,0,107,1,3,0,32,96.7,0
STU2024955,25,Male,2,5.64,47.4,0,35,0,10,0,76,93.2,0
STU2024956,23,Female,8,8.24,60.1,0,145,0,6,0,41,88.3,0
STU2024957,25,Female,5,7.78,88.8,0,98,0,10,0,63,57.1,0
STU2024958,21,Female,4,7.5,84.0,0,72,0,7,0,52,93.9,0
STU2024959,23,Female,2,7.16,75.9,0,24,0,5,0,17,95.1,0
STU2024960,18,Female,6,5.86,72.9,0,113,0,7,0,80,94.1,0
STU2024961,23,Female,7,8.19,64.4,0,120,0,5,0,42,76.4,0
STU2024962,19,Female,2,7.03,51.1,0,28,0,2,0,28,79.1,1
STU2024963,21,Female,4,5.8,83.3,0,70,0,5,0,31,79.4,0
STU2024964,20,Female,1,6.38,80.1,0,9,0,6,0,39,81.6,0
STU2024965,24,Male,8,6.08,73.3,0,160,0,3,0,55,87.3,0
STU2024966,21,Female,4,8.8,34.4,0,76,0,9,0,41,45.4,0
STU2024967,25,Female,2,8.55,94.7,0,30,0,7,0,75,76.2,0
STU2024968,21,Female,8,7.1,77.6,0,157,0,10,0,18,78.9,0
STU2024969,18,Female,6,7.9,56.2,0,110,0,7,0,54,66.3,0
STU2024970,22,Female,1,8.21,64.5,0,18,0,3,0,45,59.0,0
STU2024971,23,Female,7,8.9,58.1,3,126,0,2,0,33,75.3,1
STU2024972,19,Female,8,6.88,75.5,0,160,0,2,0,79,59.2,0
STU2024973,20,Male,8,7.86,96.5,0,140,0,7,0,55,40.4,0
STU2024974,19,Female,1,9.07,73.8,0,11,0,3,0,84,91.4,0
STU2024975,24,Male,2,9.99,67.5,0,24,0,8,0,73,69.2,0
STU2024976,21,Male,4,5.93,100.0,0,69,0,8,0,83,41.6,0
STU2024977,22,Male,8,8.23,87.2,0,148,0,3,0,56,90.6,0
STU2024978,21,Female,8,6.91,52.3,0,154,0,1,0,34,54.4,1
STU2024979,25,Female,5,8.84,63.5,0,92,0,3,0,44,61.4,0
STU2024980,24,Female,7,7.37,100.0,0,125,0,2,0,53,82.4,0
STU2024981,21,Male,5,4.31,81.2,1,100,0,2,0,83,70.2,0
STU2024982,21,Female,7,5.72,58.5,2,137,1,2,0,66,77.1,1
STU2024983,23,Female,8,7.52,55.0,1,145,0,9,1,19,66.1,1
STU2024984,25,Female,6,5.8,50.7,2,112,0,7,1,36,65.6,1
STU2024985,20,Female,8,6.08,61.4,0,155,0,2,0,2,82.1,1
STU2024986,25,Male,8,6.77,69.4,0,148,0,3,0,23,93.2,0
STU2024987,20,Female,2,5.36,77.7,0,37,0,3,0,10,18.8,0
STU2024988,22,Male,8,7.33,62.0,0,151,0,9,0,61,86.5,0
STU2024989,19,Female,5,5.26,74.8,0,94,0,1,0,46,64.6,0
STU2024990,21,Female,4,10.0,80.8,0,66,1,1,0,26,96.3,0
STU2024991,21,Male,4,6.55,66.5,0,63,0,3,0,87,64.5,1
STU2024992,19,Female,6,7.04,76.4,0,117,0,10,0,59,94.8,0
STU2024993,24,Male,4,5.82,63.7,0,66,1,3,1,50,68.1,0
STU2024994,18,Female,4,7.51,65.7,0,74,0,5,0,67,36.6,0
STU2024995,19,Male,7,10.0,78.9,0,129,0,8,0,49,89.6,0
STU2024996,20,Female,2,8.57,81.1,0,39,0,7,0,63,66.9,0
STU2024997,20,Female,3,8.33,64.0,0,60,0,6,0,43,55.0,0
STU2024998,19,Female,1,7.82,77.7,0,19,0,8,0,33,29.0,0
STU2024999,21,Male,4,9.02,100.0,0,60,0,2,0,25,82.7,0
